Project H:\DLS_polymer_1.05_100nm\Poly_1.05_200_nm.aap,TabPage 60,,,Contin output,,,,
,Average,Deviation,,Gamma (s^-1),D (m^2 s^-1,R (nm),Area,
Angle (deg),60,0,,571.66,2.16272,99.04495,0.93968,
Temperature (K),293.0343,0,,134260,507.93701,0.42172,0.00082,
Viscosity (mPI),1.002,0,,1725400,6527.59217,0.03282,0.00797,
Refractive index,1.33,0,,,,,,
,,,,,,,,
Lower bound,2,,,,,,,
Upper bound,220,,,,,,,
,,,,,,,,
Correlations,,,,,,,,
index,t(s),POLY_176,Average,Fit,,,,
,,checked,,,,,,
0,2E-07,0.866867,0.866867,,,,,
1,4E-07,0.854443,0.854443,,,,,
2,6E-07,0.879735,0.879735,0.88906041,,,,
3,8E-07,0.895265,0.895265,0.887364,,,,
4,1E-06,0.915972,0.915972,0.88604569,,,,
5,1.2E-06,0.859324,0.859324,0.88491649,,,,
6,1.4E-06,0.879439,0.879439,0.88416409,,,,
7,1.6E-06,0.859028,0.859028,0.8836,,,,
8,1.8E-06,0.91257,0.91257,0.88303609,,,,
9,2E-06,0.895561,0.895561,0.88266025,,,,
10,2.2E-06,0.867015,0.867015,0.88228449,,,,
11,2.4E-06,0.881066,0.881066,0.88190881,,,,
12,2.6E-06,0.899702,0.899702,0.88153321,,,,
13,2.8E-06,0.853851,0.853851,0.88134544,,,,
14,3E-06,0.882545,0.882545,0.88115769,,,,
15,3.2E-06,0.876999,0.876999,0.88078225,,,,
16,3.6E-06,0.863465,0.863465,0.88040689,,,,
17,4E-06,0.880548,0.880548,0.879844,,,,
18,4.4E-06,0.886317,0.886317,0.87946884,,,,
19,4.8E-06,0.885207,0.885207,0.87890625,,,,
20,5.2E-06,0.882693,0.882693,0.87853129,,,,
21,5.6E-06,0.893934,0.893934,0.87815641,,,,
22,6E-06,0.906284,0.906284,0.87759424,,,,
23,6.4E-06,0.877036,0.877036,0.87721956,,,,
24,7.2E-06,0.861469,0.861469,0.87628321,,,,
25,8E-06,0.87637,0.87637,0.87553449,,,,
26,8.8E-06,0.871933,0.871933,0.87459904,,,,
27,9.6E-06,0.876703,0.876703,0.87385104,,,,
28,1.04E-05,0.866682,0.866682,0.87291649,,,,
29,1.12E-05,0.869271,0.869271,0.87216921,,,,
30,1.2E-05,0.863465,0.863465,0.87123556,,,,
31,1.28E-05,0.864815,0.864815,0.870489,,,,
32,1.44E-05,0.861432,0.861432,0.86881041,,,,
33,1.6E-05,0.865167,0.865167,0.86713344,,,,
34,1.76E-05,0.869438,0.869438,0.86564416,,,,
35,1.92E-05,0.863725,0.863725,0.86397025,,,,
36,2.08E-05,0.867071,0.867071,0.86229796,,,,
37,2.24E-05,0.866923,0.866923,0.86081284,,,,
38,2.4E-05,0.858677,0.858677,0.85914361,,,,
39,2.56E-05,0.853436,0.853436,0.85766121,,,,
40,2.88E-05,0.852438,0.852438,0.85451536,,,,
41,3.2E-05,0.852493,0.852493,0.85137529,,,,
42,3.52E-05,0.849757,0.849757,0.848241,,,,
43,3.84E-05,0.84776,0.84776,0.84511249,,,,
44,4.16E-05,0.843527,0.843527,0.84217329,,,,
45,4.48E-05,0.840069,0.840069,0.839056,,,,
46,4.8E-05,0.833192,0.833192,0.83594449,,,,
47,5.12E-05,0.833735,0.833735,0.83302129,,,,
48,5.76E-05,0.823289,0.823289,0.82700836,,,,
49,6.4E-05,0.818186,0.818186,0.82101721,,,,
50,7.04E-05,0.815639,0.815639,0.81504784,,,,
51,7.68E-05,0.812681,0.812681,0.80910025,,,,
52,8.32E-05,0.804371,0.804371,0.80335369,,,,
53,8.96E-05,0.79656,0.79656,0.797449,,,,
54,9.59999999999999E-05,0.789955,0.789955,0.79174404,,,,
55,0.0001024,0.784621,0.784621,0.78605956,,,,
56,0.0001152,0.771307,0.771307,0.77475204,,,,
57,0.000128,0.763163,0.763163,0.76370121,,,,
58,0.0001408,0.750175,0.750175,0.75272976,,,,
59,0.0001536,0.745798,0.745798,0.74200996,,,,
60,0.0001664,0.732662,0.732662,0.73153809,,,,
61,0.0001792,0.719059,0.719059,0.72114064,,,,
62,0.000192,0.710414,0.710414,0.71081761,,,,
63,0.0002048,0.699324,0.699324,0.70073641,,,,
64,0.0002304,0.679484,0.679484,0.68112009,,,,
65,0.000256,0.663586,0.663586,0.66210769,,,,
66,0.0002816,0.643432,0.643432,0.64368529,,,,
67,0.0003072,0.625032,0.625032,0.625681,,,,
68,0.0003328,0.60846,0.60846,0.6084,,,,
69,0.0003584,0.59438,0.59438,0.59166864,,,,
70,0.000384,0.574937,0.574937,0.57532225,,,,
71,0.0004096,0.560022,0.560022,0.559504,,,,
72,0.0004608,0.531892,0.531892,0.52940176,,,,
73,0.000512,0.503253,0.503253,0.50112241,,,,
74,0.0005632,0.476462,0.476462,0.47444544,,,,
75,0.0006144,0.453065,0.453065,0.44943616,,,,
76,0.0006656,0.430065,0.430065,0.42575625,,,,
77,0.0007168,0.406121,0.406121,0.40360609,,,,
78,0.000768,0.385777,0.385777,0.38266596,,,,
79,0.0008192,0.365005,0.365005,0.36288576,,,,
80,0.0009216,0.329568,0.329568,0.32684089,,,,
81,0.001024,0.296577,0.296577,0.29474041,,,,
82,0.0011264,0.266931,0.266931,0.26615281,,,,
83,0.0012288,0.240686,0.240686,0.24059025,,,,
84,0.0013312,0.217776,0.217776,0.21780889,,,,
85,0.0014336,0.196456,0.196456,0.19740249,,,,
86,0.001536,0.178292,0.178292,0.17909824,,,,
87,0.0016384,0.161734,0.161734,0.16273156,,,,
88,0.0018432,0.131451,0.131451,0.13476241,,,,
89,0.002048,0.108302,0.108302,0.11215801,,,,
90,0.0022528,0.0900430000000001,0.0900430000000001,0.09369721,,,,
91,0.0024576,0.075081,0.075081,0.07862416,,,,
92,0.0026624,0.062543,0.062543,0.06625476,,,,
93,0.0028672,0.0515030000000001,0.0515030000000001,0.05597956,,,,
94,0.003072,0.0422800000000001,0.0422800000000001,0.047524,,,,
95,0.0032768,0.03467,0.03467,0.04048144,,,,
96,0.0036864,0.0232939999999999,0.0232939999999999,0.02965284,,,,
97,0.004096,0.0168109999999999,0.0168109999999999,0.02196324,,,,
98,0.0045056,0.010748,0.010748,0.01646089,,,,
99,0.0049152,0.00783599999999995,0.00783599999999995,0.01247689,,,,
100,0.0053248,0.00578699999999999,0.00578699999999999,0.0095394289,,,,
101,0.0057344,0.00431200000000009,0.00431200000000009,0.0073582084,,,,
102,0.006144,0.00313300000000005,0.00313300000000005,0.0057229225,,,,
103,0.0065536,0.00235500000000011,0.00235500000000011,0.0044849809,,,,
104,0.0073728,0.00186500000000001,0.00186500000000001,0.0028111204,,,,
105,0.008192,0.00104700000000002,0.00104700000000002,0.0018054001,,,,
106,0.0090112,0.00092099999999995,0.00092099999999995,0.0011847364,,,,
107,0.0098304,-0.000430799999999953,-0.000430799999999953,0.0007918596,,,,
108,0.0106496,0.000817999999999985,0.000817999999999985,0.00053824,,,,
109,0.0114688,-0.000625100000000045,-0.000625100000000045,0.0003717184,,,,
110,0.012288,-0.000979999999999981,-0.000979999999999981,0.0002598544,,,,
111,0.0131072,-0.000234500000000026,-0.000234500000000026,0.0001841449,,,,
112,0.0147456,0.000823999999999936,0.000823999999999936,9.5374756E-05,,,,
113,0.016384,-0.000479899999999978,-0.000479899999999978,5.1279921E-05,,,,
114,0.0180224,-0.000590599999999997,-0.000590599999999997,2.8462225E-05,,,,
115,0.0196608,-0.00047980000000003,-0.00047980000000003,1.62409E-05,,,,
116,0.0212992,-0.00100199999999995,-0.00100199999999995,9.4864E-06,,,,
117,0.0229376,0.000826999999999911,0.000826999999999911,5.659641E-06,,,,
118,0.024576,0.00147600000000003,0.00147600000000003,3.437316E-06,,,,
119,0.0262144,0.00225399999999998,0.00225399999999998,2.125764E-06,,,,
120,0.0294912,0.000580999999999943,0.000580999999999943,8.4732025E-07,,,,
121,0.032768,0.000331000000000081,0.000331000000000081,3.5497764E-07,,,,
122,0.0360448,1.69999999999337E-05,1.69999999999337E-05,1.5492096E-07,,,,
123,0.0393216,0.00159500000000001,0.00159500000000001,7.006609E-08,,,,
124,0.0425984,-0.00046349999999995,-0.00046349999999995,3.265249E-08,,,,
125,0.0458752,0.000526000000000026,0.000526000000000026,1.5625E-08,,,,
126,0.049152,-0.000333600000000045,-0.000333600000000045,7.6527504E-09,,,,
127,0.0524288,2.99999999997524E-06,2.99999999997524E-06,3.8254225E-09,,,,
128,0.0589824,4.20000000000975E-05,4.20000000000975E-05,1.0086976E-09,,,,
129,0.065536,0.001301,0.001301,2.8224E-10,,,,
130,0.0720896,0.000531999999999977,0.000531999999999977,8.2973881E-11,,,,
131,0.0786432,0.000275000000000025,0.000275000000000025,2.5431849E-11,,,,
132,0.0851968,0.000890999999999975,0.000890999999999975,8.071281E-12,,,,
133,0.0917504,-0.00061509999999998,-0.00061509999999998,2.637376E-12,,,,
134,0.0983039999999999,-0.000344200000000017,-0.000344200000000017,8.8529281E-13,,,,
135,0.1048576,-0.000801099999999999,-0.000801099999999999,3.0437289E-13,,,,
136,0.1179648,0.000593000000000066,0.000593000000000066,3.7636E-14,,,,
137,0.131072,-7.29999999999897E-05,-7.29999999999897E-05,4.9547521E-15,,,,
138,0.1441792,0.000267999999999935,0.000267999999999935,6.948496E-16,,,,
139,0.1572864,0.000221999999999944,0.000221999999999944,9.2659876E-17,,,,
140,0.1703936,-0.000970699999999991,-0.000970699999999991,2.2043025E-17,,,,
141,0.1835008,0.000121000000000038,0.000121000000000038,2.013561E-18,,,,
142,0.196608,0.00059000000000009,0.00059000000000009,7.2812089E-21,,,,
143,0.2097152,0.00019199999999997,0.00019199999999997,3.992004E-22,,,,
144,0.2359296,0.000248999999999944,0.000248999999999944,8.173881E-20,,,,
145,0.262144,0.000166000000000111,0.000166000000000111,4.6703556E-19,,,,
146,0.2883584,0.000342999999999982,0.000342999999999982,3.8402809E-19,,,,
147,0.3145728,0.000259999999999927,0.000259999999999927,4.0462321E-19,,,,
148,0.3407872,0.000189999999999912,0.000189999999999912,1.8447025E-19,,,,
149,0.3670016,-0.00076900000000002,-0.00076900000000002,6.3425296E-19,,,,
150,0.393216,-0.000292999999999988,-0.000292999999999988,3.46921E-19,,,,
151,0.4194304,-5.29999999998587E-06,-5.29999999998587E-06,1.3118884E-21,,,,
152,0.4718592,0.00011899999999998,0.00011899999999998,1.5768841E-19,,,,
153,0.524288,-2.23000000000306E-05,-2.23000000000306E-05,2.9235649E-21,,,,
154,0.5767168,-0.000231199999999987,-0.000231199999999987,1.0227204E-19,,,,
155,0.6291456,0.000221999999999944,0.000221999999999944,1.7598025E-19,,,,
156,0.6815744,7.29999999999897E-05,7.29999999999897E-05,6.702921E-20,,,,
157,0.7340032,0.000248000000000026,0.000248000000000026,2.5240576E-19,,,,
158,0.786432,-0.000450100000000009,-0.000450100000000009,1.8948609E-19,,,,
159,0.8388608,-0.000131499999999951,-0.000131499999999951,1.8020025E-19,,,,
160,0.9437184,9.49999999999562E-05,9.49999999999562E-05,9.960336E-20,,,,
161,1.048576,-5.18999999999936E-05,-5.18999999999936E-05,4.6225E-20,,,,
162,1.1534336,8.000000000008E-05,8.000000000008E-05,5.207524E-20,,,,
163,1.2582912,0.000154999999999905,0.000154999999999905,1.2780625E-21,,,,
164,1.3631488,-0.000225099999999978,-0.000225099999999978,8.1956809E-21,,,,
165,1.4680064,0.000207999999999986,0.000207999999999986,6.838225E-20,,,,
166,1.572864,-9.66000000000022E-05,-9.66000000000022E-05,2.3396569E-19,,,,
167,1.6777216,9.29999999998987E-05,9.29999999998987E-05,2.954961E-20,,,,
168,1.8874368,-0.000207399999999969,-0.000207399999999969,6.260004E-24,,,,
169,2.097152,-0.000241700000000011,-0.000241700000000011,5.3202436E-19,,,,
170,2.3068672,-5.25000000000109E-05,-5.25000000000109E-05,1.3402921E-21,,,,
171,2.5165824,7.2000000000072E-05,7.2000000000072E-05,1.140624E-20,,,,
172,2.7262976,7.29999999999897E-05,7.29999999999897E-05,4.260096E-20,,,,
173,2.9360128,-5.23000000000051E-05,-5.23000000000051E-05,1.069156E-20,,,,
174,3.145728,6.29999999999242E-05,6.29999999999242E-05,1.965604E-20,,,,
175,3.3554432,2.90000000000568E-05,2.90000000000568E-05,9.449476E-20,,,,
176,3.7748736,5.69999999999737E-05,5.69999999999737E-05,5.5225E-20,,,,
177,4.194304,-0.000130500000000033,-0.000130500000000033,8.696601E-20,,,,
178,4.6137344,-0.00018549999999995,-0.00018549999999995,2.286144E-20,,,,
179,5.0331648,-8.69000000000009E-05,-8.69000000000009E-05,9.138529E-20,,,,
180,5.4525952,-0.000248600000000043,-0.000248600000000043,2.399401E-22,,,,
181,5.8720256,0.000166000000000111,0.000166000000000111,4.5805824E-21,,,,
182,6.291456,-4.42999999999971E-05,-4.42999999999971E-05,1.0601536E-19,,,,
183,6.7108864,-7.99000000000216E-05,-7.99000000000216E-05,1.0419984E-19,,,,
184,7.5497472,-5.52999999999804E-05,-5.52999999999804E-05,1.898884E-20,,,,
185,8.388608,-6.11999999999835E-05,-6.11999999999835E-05,3.5212356E-23,,,,
186,9.2274688,8.99999999999235E-05,8.99999999999235E-05,1.7114769E-19,,,,
187,10.0663296,-3.14999999999621E-05,-3.14999999999621E-05,4.652649E-20,,,,
188,10.9051904,-7.25999999999782E-05,-7.25999999999782E-05,1.2131289E-21,,,,
189,11.7440512,4.30000000000152E-05,4.30000000000152E-05,2.396304E-20,,,,
190,12.582912,-1.56999999999519E-05,-1.56999999999519E-05,1.7338896E-21,,,,
191,13.4217728,5.99999999995049E-06,5.99999999995049E-06,9.604E-21,,,,
192,15.0994944,5.90000000000313E-05,5.90000000000313E-05,7.107556E-20,,,,
193,16.777216,-1.94999999999501E-05,-1.94999999999501E-05,3.818116E-22,,,,
194,18.4549376,-2.44000000000355E-05,-2.44000000000355E-05,2.4760576E-21,,,,
195,20.1326592,-6.22000000000122E-05,-6.22000000000122E-05,5.1194025E-21,,,,
196,21.8103808,7.5999999999965E-05,7.5999999999965E-05,3.341584E-20,,,,
197,23.4881024,5.39999999999985E-05,5.39999999999985E-05,3.441025E-20,,,,
198,25.165824,4.000000000004E-05,4.000000000004E-05,6.9696E-20,,,,
199,26.8435456,4.09999999999577E-05,4.09999999999577E-05,6.477025E-20,,,,
200,30.1989888,-6.20000000000065E-05,-6.20000000000065E-05,6.561E-23,,,,
201,33.554432,-2.06000000000373E-05,-2.06000000000373E-05,3.591025E-20,,,,
202,36.9098752,5.69999999999737E-05,5.69999999999737E-05,1.874161E-20,,,,
203,40.2653184,8.99999999992573E-06,8.99999999992573E-06,2.149156E-20,,,,
204,43.6207616,2.00000000005751E-06,2.00000000005751E-06,2.650384E-22,,,,
205,46.9762048,5.79999999998915E-05,5.79999999998915E-05,1.7884441E-19,,,,
206,50.331648,1.6000000000016E-05,1.6000000000016E-05,5.1337225E-21,,,,
207,53.6870912,5.00000000003276E-06,5.00000000003276E-06,7.3441E-22,,,,
208,60.3979776,-4.21999999999922E-05,-4.21999999999922E-05,3.740356E-22,,,,
209,67.108864,2.60000000000815E-05,2.60000000000815E-05,3.6864E-20,,,,
210,73.8197504,8.000000000008E-06,8.000000000008E-06,3.129361E-22,,,,
211,80.5306368,8.000000000008E-06,8.000000000008E-06,5.6355049E-21,,,,
212,87.2415232,3.99999999989298E-06,3.99999999989298E-06,1.7673616E-21,,,,
213,93.9524096,4.000000000004E-05,4.000000000004E-05,3.111696E-20,,,,
214,100.663296,2.10000000000488E-05,2.10000000000488E-05,8.9718784E-21,,,,
215,107.3741824,1.9999999999909E-05,1.9999999999909E-05,4.032064E-22,,,,
216,120.7959552,1.50000000000983E-05,1.50000000000983E-05,9.449476E-24,,,,
217,134.217728,-2.50000000000528E-05,-2.50000000000528E-05,6.97225E-21,,,,
218,147.6395008,-3.20999999999794E-05,-3.20999999999794E-05,6.135529E-22,,,,
219,161.0612736,1.39999999999585E-05,1.39999999999585E-05,1.2321E-20,,,,
220,174.4830464,2.99999999997524E-06,2.99999999997524E-06,5.978025E-24,,,,
221,187.9048192,-2.000000000002E-05,-2.000000000002E-05,,,,,
222,201.326592,-8.00000000023005E-07,-8.00000000023005E-07,,,,,
,,,,,,,,
Count rates (kHz),,,,,,,,
index,t(s),POLY_176,,,,,,
,,checked,,,,,,
0,0.001173094,11.73989,,,,,,
1,0.002346188,10.53965,,,,,,
2,0.003519282,11.21478,,,,,,
3,0.004692376,10.72718,,,,,,
4,0.00586547,10.72718,,,,,,
5,0.007038564,11.32731,,,,,,
6,0.008211658,10.65217,,,,,,
7,0.009384752,11.51484,,,,,,
8,0.010557846,11.62737,,,,,,
9,0.01173094,10.98974,,,,,,
10,0.012904034,11.66488,,,,,,
11,0.014077128,10.98974,,,,,,
12,0.015250222,11.06475,,,,,,
13,0.016423316,10.61466,,,,,,
14,0.01759641,11.10226,,,,,,
15,0.018769504,11.43983,,,,,,
16,0.019942598,10.57715,,,,,,
17,0.021115692,12.15247,,,,,,
18,0.022288786,10.65217,,,,,,
19,0.02346188,11.17728,,,,,,
20,0.024634974,11.21478,,,,,,
21,0.025808068,10.91472,,,,,,
22,0.026981162,10.91472,,,,,,
23,0.028154256,10.53965,,,,,,
24,0.02932735,11.43983,,,,,,
25,0.030500444,10.65217,,,,,,
26,0.031673538,10.35211,,,,,,
27,0.032846632,10.91472,,,,,,
28,0.034019726,11.40232,,,,,,
29,0.03519282,11.88992,,,,,,
30,0.036365914,12.03995,,,,,,
31,0.037539008,11.25229,,,,,,
32,0.038712102,11.58986,,,,,,
33,0.039885196,10.76469,,,,,,
34,0.04105829,10.38962,,,,,,
35,0.042231384,10.08955,,,,,,
36,0.043404478,10.42712,,,,,,
37,0.044577572,12.15247,,,,,,
38,0.045750666,11.81491,,,,,,
39,0.04692376,11.06475,,,,,,
40,0.048096854,10.05205,,,,,,
41,0.049269948,10.65217,,,,,,
42,0.050443042,10.98974,,,,,,
43,0.051616136,10.27709,,,,,,
44,0.05278923,10.91472,,,,,,
45,0.053962324,11.92743,,,,,,
46,0.055135418,10.27709,,,,,,
47,0.056308512,11.06475,,,,,,
48,0.057481606,10.87722,,,,,,
49,0.0586547,11.2898,,,,,,
50,0.059827794,10.57715,,,,,,
51,0.061000888,11.02725,,,,,,
52,0.062173982,11.40232,,,,,,
53,0.063347076,11.36481,,,,,,
54,0.06452017,10.87722,,,,,,
55,0.065693264,11.06475,,,,,,
56,0.066866358,10.38962,,,,,,
57,0.068039452,11.40232,,,,,,
58,0.069212546,10.50214,,,,,,
59,0.07038564,11.70238,,,,,,
60,0.071558734,11.73989,,,,,,
61,0.072731828,10.83971,,,,,,
62,0.073904922,11.25229,,,,,,
63,0.075078016,11.58986,,,,,,
64,0.07625111,10.27709,,,,,,
65,0.077424204,10.50214,,,,,,
66,0.078597298,11.21478,,,,,,
67,0.079770392,11.10226,,,,,,
68,0.080943486,11.06475,,,,,,
69,0.08211658,11.32731,,,,,,
70,0.083289674,11.32731,,,,,,
71,0.084462768,10.8022,,,,,,
72,0.085635862,11.36481,,,,,,
73,0.086808956,11.10226,,,,,,
74,0.08798205,10.65217,,,,,,
75,0.089155144,10.68968,,,,,,
76,0.090328238,10.91472,,,,,,
77,0.091501332,10.57715,,,,,,
78,0.092674426,11.32731,,,,,,
79,0.09384752,11.55235,,,,,,
80,0.095020614,10.08955,,,,,,
81,0.096193708,11.02725,,,,,,
82,0.097366802,11.92743,,,,,,
83,0.098539896,10.05205,,,,,,
84,0.09971299,11.70238,,,,,,
85,0.100886084,10.68968,,,,,,
86,0.102059178,10.76469,,,,,,
87,0.103232272,11.17728,,,,,,
88,0.104405366,10.8022,,,,,,
89,0.10557846,11.47734,,,,,,
90,0.106751554,11.36481,,,,,,
91,0.107924648,11.47734,,,,,,
92,0.109097742,11.88992,,,,,,
93,0.110270836,11.25229,,,,,,
94,0.11144393,10.76469,,,,,,
95,0.112617024,10.68968,,,,,,
96,0.113790118,11.21478,,,,,,
97,0.114963212,10.01454,,,,,,
98,0.116136306,10.72718,,,,,,
99,0.1173094,10.61466,,,,,,
100,0.118482494,11.36481,,,,,,
101,0.119655588,11.02725,,,,,,
102,0.120828682,11.40232,,,,,,
103,0.122001776,11.7774,,,,,,
104,0.12317487,11.55235,,,,,,
105,0.124347964,10.46463,,,,,,
106,0.125521058,11.02725,,,,,,
107,0.126694152,11.10226,,,,,,
108,0.127867246,10.76469,,,,,,
109,0.12904034,11.66488,,,,,,
110,0.130213434,11.32731,,,,,,
111,0.131386528,10.57715,,,,,,
112,0.132559622,11.13977,,,,,,
113,0.133732716,11.21478,,,,,,
114,0.13490581,11.55235,,,,,,
115,0.136078904,11.17728,,,,,,
116,0.137251998,11.7774,,,,,,
117,0.138425092,10.50214,,,,,,
118,0.139598186,12.18998,,,,,,
119,0.14077128,10.68968,,,,,,
120,0.141944374,10.95223,,,,,,
121,0.143117468,11.17728,,,,,,
122,0.144290562,11.81491,,,,,,
123,0.145463656,11.40232,,,,,,
124,0.14663675,10.50214,,,,,,
125,0.147809844,11.13977,,,,,,
126,0.148982938,10.61466,,,,,,
127,0.150156032,11.06475,,,,,,
128,0.151329126,10.76469,,,,,,
129,0.15250222,11.58986,,,,,,
130,0.153675314,11.47734,,,,,,
131,0.154848408,11.36481,,,,,,
132,0.156021502,11.21478,,,,,,
133,0.157194596,10.8022,,,,,,
134,0.15836769,11.70238,,,,,,
135,0.159540784,11.62737,,,,,,
136,0.160713878,11.10226,,,,,,
137,0.161886972,10.95223,,,,,,
138,0.163060066,11.17728,,,,,,
139,0.16423316,11.66488,,,,,,
140,0.165406254,10.98974,,,,,,
141,0.166579348,11.02725,,,,,,
142,0.167752442,11.02725,,,,,,
143,0.168925536,9.977032,,,,,,
144,0.17009863,10.61466,,,,,,
145,0.171271724,11.47734,,,,,,
146,0.172444818,10.98974,,,,,,
147,0.173617912,12.00244,,,,,,
148,0.174791006,10.53965,,,,,,
149,0.1759641,12.34001,,,,,,
150,0.177137194,11.06475,,,,,,
151,0.178310288,10.83971,,,,,,
152,0.179483382,11.47734,,,,,,
153,0.180656476,11.36481,,,,,,
154,0.18182957,11.02725,,,,,,
155,0.183002664,10.91472,,,,,,
156,0.184175758,10.3146,,,,,,
157,0.185348852,10.61466,,,,,,
158,0.186521946,11.36481,,,,,,
159,0.18769504,11.02725,,,,,,
160,0.188868134,10.72718,,,,,,
161,0.190041228,11.62737,,,,,,
162,0.191214322,10.35211,,,,,,
163,0.192387416,10.65217,,,,,,
164,0.19356051,10.68968,,,,,,
165,0.194733604,10.83971,,,,,,
166,0.195906698,10.95223,,,,,,
167,0.197079792,11.2898,,,,,,
168,0.198252886,10.83971,,,,,,
169,0.19942598,11.32731,,,,,,
170,0.200599074,11.21478,,,,,,
171,0.201772168,10.91472,,,,,,
172,0.202945262,11.66488,,,,,,
173,0.204118356,10.95223,,,,,,
174,0.20529145,10.95223,,,,,,
175,0.206464544,11.55235,,,,,,
176,0.207637638,10.8022,,,,,,
177,0.208810732,11.43983,,,,,,
178,0.209983826,10.57715,,,,,,
179,0.21115692,11.10226,,,,,,
180,0.212330014,11.40232,,,,,,
181,0.213503108,10.61466,,,,,,
182,0.214676202,11.62737,,,,,,
183,0.215849296,11.06475,,,,,,
184,0.21702239,10.76469,,,,,,
185,0.218195484,10.46463,,,,,,
186,0.219368578,10.35211,,,,,,
187,0.220541672,10.3146,,,,,,
188,0.221714766,11.70238,,,,,,
189,0.22288786,10.72718,,,,,,
190,0.224060954,10.12706,,,,,,
191,0.225234048,10.95223,,,,,,
192,0.226407142,11.2898,,,,,,
193,0.227580236,11.32731,,,,,,
194,0.22875333,11.2898,,,,,,
195,0.229926424,10.65217,,,,,,
196,0.231099518,10.35211,,,,,,
197,0.232272612,10.87722,,,,,,
198,0.233445706,11.13977,,,,,,
199,0.2346188,10.91472,,,,,,
200,0.235791894,11.70238,,,,,,
201,0.236964988,11.51484,,,,,,
202,0.238138082,11.55235,,,,,,
203,0.239311176,11.17728,,,,,,
204,0.24048427,11.17728,,,,,,
205,0.241657364,10.57715,,,,,,
206,0.242830458,11.13977,,,,,,
207,0.244003552,11.13977,,,,,,
208,0.245176646,10.76469,,,,,,
209,0.24634974,10.83971,,,,,,
210,0.247522834,10.3146,,,,,,
211,0.248695928,11.02725,,,,,,
212,0.249869022,11.02725,,,,,,
213,0.251042116,11.25229,,,,,,
214,0.25221521,11.73989,,,,,,
215,0.253388304,10.27709,,,,,,
216,0.254561398,11.13977,,,,,,
217,0.255734492,11.13977,,,,,,
218,0.256907586,11.06475,,,,,,
219,0.25808068,11.06475,,,,,,
220,0.259253774,10.76469,,,,,,
221,0.260426868,10.50214,,,,,,
222,0.261599962,11.10226,,,,,,
223,0.262773056,11.32731,,,,,,
224,0.26394615,11.25229,,,,,,
225,0.265119244,11.13977,,,,,,
226,0.266292338,11.47734,,,,,,
227,0.267465432,10.46463,,,,,,
228,0.268638526,11.73989,,,,,,
229,0.26981162,11.36481,,,,,,
230,0.270984714,10.53965,,,,,,
231,0.272157808,11.10226,,,,,,
232,0.273330902,10.65217,,,,,,
233,0.274503996,10.95223,,,,,,
234,0.27567709,11.32731,,,,,,
235,0.276850184,10.53965,,,,,,
236,0.278023278,11.13977,,,,,,
237,0.279196372,11.81491,,,,,,
238,0.280369466,11.17728,,,,,,
239,0.28154256,10.50214,,,,,,
240,0.282715654,10.95223,,,,,,
241,0.283888748,10.46463,,,,,,
242,0.285061842,10.8022,,,,,,
243,0.286234936,11.13977,,,,,,
244,0.28740803,10.98974,,,,,,
245,0.288581124,10.46463,,,,,,
246,0.289754218,11.85241,,,,,,
247,0.290927312,10.53965,,,,,,
248,0.292100406,10.72718,,,,,,
249,0.2932735,11.40232,,,,,,
250,0.294446594,10.3146,,,,,,
251,0.295619688,10.83971,,,,,,
252,0.296792782,10.95223,,,,,,
253,0.297965876,10.91472,,,,,,
254,0.29913897,10.76469,,,,,,
255,0.300312064,10.61466,,,,,,
256,0.301485158,11.32731,,,,,,
257,0.302658252,11.13977,,,,,,
258,0.303831346,11.06475,,,,,,
259,0.30500444,11.02725,,,,,,
260,0.306177534,11.36481,,,,,,
261,0.307350628,10.87722,,,,,,
262,0.308523722,11.47734,,,,,,
263,0.309696816,11.10226,,,,,,
264,0.31086991,11.58986,,,,,,
265,0.312043004,10.76469,,,,,,
266,0.313216098,10.91472,,,,,,
267,0.314389192,11.13977,,,,,,
268,0.315562286,11.25229,,,,,,
269,0.31673538,11.06475,,,,,,
270,0.317908474,11.62737,,,,,,
271,0.319081568,10.76469,,,,,,
272,0.320254662,11.32731,,,,,,
273,0.321427756,10.68968,,,,,,
274,0.32260085,10.53965,,,,,,
275,0.323773944,10.42712,,,,,,
276,0.324947038,11.21478,,,,,,
277,0.326120132,10.65217,,,,,,
278,0.327293226,10.57715,,,,,,
279,0.32846632,10.57715,,,,,,
280,0.329639414,10.57715,,,,,,
281,0.330812508,11.10226,,,,,,
282,0.331985602,10.46463,,,,,,
283,0.333158696,11.13977,,,,,,
284,0.33433179,10.83971,,,,,,
285,0.335504884,11.13977,,,,,,
286,0.336677978,11.10226,,,,,,
287,0.337851072,11.17728,,,,,,
288,0.339024166,11.10226,,,,,,
289,0.34019726,10.50214,,,,,,
290,0.341370354,10.8022,,,,,,
291,0.342543448,11.40232,,,,,,
292,0.343716542,10.68968,,,,,,
293,0.344889636,10.83971,,,,,,
294,0.34606273,10.12706,,,,,,
295,0.347235824,10.01454,,,,,,
296,0.348408918,11.51484,,,,,,
297,0.349582012,11.2898,,,,,,
298,0.350755106,10.87722,,,,,,
299,0.3519282,11.81491,,,,,,
300,0.353101294,10.8022,,,,,,
301,0.354274388,11.2898,,,,,,
302,0.355447482,11.21478,,,,,,
303,0.356620576,11.70238,,,,,,
304,0.35779367,12.00244,,,,,,
305,0.358966764,11.62737,,,,,,
306,0.360139858,11.7774,,,,,,
307,0.361312952,10.76469,,,,,,
308,0.362486046,10.72718,,,,,,
309,0.36365914,11.36481,,,,,,
310,0.364832234,11.10226,,,,,,
311,0.366005328,10.8022,,,,,,
312,0.367178422,10.95223,,,,,,
313,0.368351516,11.02725,,,,,,
314,0.36952461,10.95223,,,,,,
315,0.370697704,10.95223,,,,,,
316,0.371870798,9.414417,,,,,,
317,0.373043892,11.43983,,,,,,
318,0.374216986,11.17728,,,,,,
319,0.37539008,11.06475,,,,,,
320,0.376563174,10.91472,,,,,,
321,0.377736268,10.23958,,,,,,
322,0.378909362,10.76469,,,,,,
323,0.380082456,10.8022,,,,,,
324,0.38125555,10.98974,,,,,,
325,0.382428644,10.87722,,,,,,
326,0.383601738,11.47734,,,,,,
327,0.384774832,10.76469,,,,,,
328,0.385947926,10.8022,,,,,,
329,0.38712102,10.8022,,,,,,
330,0.388294114,11.36481,,,,,,
331,0.389467208,10.61466,,,,,,
332,0.390640302,10.46463,,,,,,
333,0.391813396,10.68968,,,,,,
334,0.39298649,10.8022,,,,,,
335,0.394159584,9.939524,,,,,,
336,0.395332678,10.65217,,,,,,
337,0.396505772,10.61466,,,,,,
338,0.397678866,10.23958,,,,,,
339,0.39885196,11.13977,,,,,,
340,0.400025054,10.65217,,,,,,
341,0.401198148,11.36481,,,,,,
342,0.402371242,12.22749,,,,,,
343,0.403544336,11.43983,,,,,,
344,0.40471743,10.76469,,,,,,
345,0.405890524,11.02725,,,,,,
346,0.407063618,10.57715,,,,,,
347,0.408236712,11.13977,,,,,,
348,0.409409806,10.61466,,,,,,
349,0.4105829,10.65217,,,,,,
350,0.411755994,11.40232,,,,,,
351,0.412929088,10.83971,,,,,,
352,0.414102182,11.10226,,,,,,
353,0.415275276,11.13977,,,,,,
354,0.41644837,10.53965,,,,,,
355,0.417621464,10.76469,,,,,,
356,0.418794558,10.23958,,,,,,
357,0.419967652,10.91472,,,,,,
358,0.421140746,10.38962,,,,,,
359,0.42231384,11.32731,,,,,,
360,0.423486934,11.06475,,,,,,
361,0.424660028,11.40232,,,,,,
362,0.425833122,10.87722,,,,,,
363,0.427006216,11.10226,,,,,,
364,0.42817931,10.95223,,,,,,
365,0.429352404,11.88992,,,,,,
366,0.430525498,10.46463,,,,,,
367,0.431698592,10.3146,,,,,,
368,0.432871686,10.27709,,,,,,
369,0.43404478,10.91472,,,,,,
370,0.435217874,10.87722,,,,,,
371,0.436390968,10.8022,,,,,,
372,0.437564062,12.11497,,,,,,
373,0.438737156,10.72718,,,,,,
374,0.43991025,11.58986,,,,,,
375,0.441083344,10.98974,,,,,,
376,0.442256438,10.76469,,,,,,
377,0.443429532,11.73989,,,,,,
378,0.444602626,11.13977,,,,,,
379,0.44577572,11.06475,,,,,,
380,0.446948814,10.83971,,,,,,
381,0.448121908,10.83971,,,,,,
382,0.449295002,11.43983,,,,,,
383,0.450468096,11.2898,,,,,,
384,0.45164119,11.06475,,,,,,
385,0.452814284,10.83971,,,,,,
386,0.453987378,10.68968,,,,,,
387,0.455160472,11.62737,,,,,,
388,0.456333566,10.91472,,,,,,
389,0.45750666,10.72718,,,,,,
390,0.458679754,11.21478,,,,,,
391,0.459852848,10.83971,,,,,,
392,0.461025942,11.32731,,,,,,
393,0.462199036,11.13977,,,,,,
394,0.46337213,10.91472,,,,,,
395,0.464545224,10.95223,,,,,,
396,0.465718318,10.91472,,,,,,
397,0.466891412,11.25229,,,,,,
398,0.468064506,10.20208,,,,,,
399,0.4692376,10.91472,,,,,,
400,0.470410694,11.13977,,,,,,
401,0.471583788,10.95223,,,,,,
402,0.472756882,10.57715,,,,,,
403,0.473929976,11.2898,,,,,,
404,0.47510307,11.55235,,,,,,
405,0.476276164,11.17728,,,,,,
406,0.477449258,10.91472,,,,,,
407,0.478622352,11.2898,,,,,,
408,0.479795446,11.06475,,,,,,
409,0.48096854,11.17728,,,,,,
410,0.482141634,11.13977,,,,,,
411,0.483314728,11.70238,,,,,,
412,0.484487822,11.32731,,,,,,
413,0.485660916,10.91472,,,,,,
414,0.48683401,10.50214,,,,,,
415,0.488007104,11.25229,,,,,,
416,0.489180198,10.65217,,,,,,
417,0.490353292,10.98974,,,,,,
418,0.491526386,11.2898,,,,,,
419,0.49269948,10.95223,,,,,,
420,0.493872574,10.57715,,,,,,
421,0.495045668,11.25229,,,,,,
422,0.496218762,11.62737,,,,,,
423,0.497391856,11.13977,,,,,,
424,0.49856495,10.61466,,,,,,
425,0.499738044,10.23958,,,,,,
426,0.500911138,11.62737,,,,,,
427,0.502084232,10.8022,,,,,,
428,0.503257326,11.17728,,,,,,
429,0.50443042,10.72718,,,,,,
430,0.505603514,10.87722,,,,,,
431,0.506776608,10.65217,,,,,,
432,0.507949702,10.42712,,,,,,
433,0.509122796,11.66488,,,,,,
434,0.51029589,11.17728,,,,,,
435,0.511468984,10.95223,,,,,,
436,0.512642078,10.65217,,,,,,
437,0.513815172,11.17728,,,,,,
438,0.514988266,10.8022,,,,,,
439,0.51616136,10.91472,,,,,,
440,0.517334454,10.57715,,,,,,
441,0.518507548,10.87722,,,,,,
442,0.519680642,11.06475,,,,,,
443,0.520853736,11.36481,,,,,,
444,0.52202683,11.47734,,,,,,
445,0.523199924,11.21478,,,,,,
446,0.524373018,10.87722,,,,,,
447,0.525546112,11.58986,,,,,,
448,0.526719206,11.66488,,,,,,
449,0.5278923,10.50214,,,,,,
450,0.529065394,10.65217,,,,,,
451,0.530238488,10.83971,,,,,,
452,0.531411582,10.98974,,,,,,
453,0.532584676,11.73989,,,,,,
454,0.53375777,11.58986,,,,,,
455,0.534930864,10.16457,,,,,,
456,0.536103958,10.61466,,,,,,
457,0.537277052,10.57715,,,,,,
458,0.538450146,10.98974,,,,,,
459,0.53962324,11.70238,,,,,,
460,0.540796334,11.32731,,,,,,
461,0.541969428,10.95223,,,,,,
462,0.543142522,10.95223,,,,,,
463,0.544315616,11.17728,,,,,,
464,0.54548871,10.76469,,,,,,
465,0.546661804,12.22749,,,,,,
466,0.547834898,11.36481,,,,,,
467,0.549007992,11.13977,,,,,,
468,0.550181086,10.91472,,,,,,
469,0.55135418,10.83971,,,,,,
470,0.552527274,11.02725,,,,,,
471,0.553700368,10.76469,,,,,,
472,0.554873462,10.76469,,,,,,
473,0.556046556,11.55235,,,,,,
474,0.55721965,10.95223,,,,,,
475,0.558392744,9.639462,,,,,,
476,0.559565838,11.17728,,,,,,
477,0.560738932,11.81491,,,,,,
478,0.561912026,10.95223,,,,,,
479,0.56308512,10.83971,,,,,,
480,0.564258214,10.20208,,,,,,
481,0.565431308,11.2898,,,,,,
482,0.566604402,10.91472,,,,,,
483,0.567777496,10.95223,,,,,,
484,0.56895059,10.98974,,,,,,
485,0.570123684,11.73989,,,,,,
486,0.571296778,11.55235,,,,,,
487,0.572469872,10.83971,,,,,,
488,0.573642966,11.17728,,,,,,
489,0.57481606,11.32731,,,,,,
490,0.575989154,10.53965,,,,,,
491,0.577162248,10.76469,,,,,,
492,0.578335342,11.13977,,,,,,
493,0.579508436,10.95223,,,,,,
494,0.58068153,11.2898,,,,,,
495,0.581854624,11.25229,,,,,,
496,0.583027718,11.17728,,,,,,
497,0.584200812,11.21478,,,,,,
498,0.585373906,12.15247,,,,,,
499,0.586547,11.73989,,,,,,
500,0.587720094,10.8022,,,,,,
501,0.588893188,10.57715,,,,,,
502,0.590066282,10.98974,,,,,,
503,0.591239376,11.2898,,,,,,
504,0.59241247,10.76469,,,,,,
505,0.593585564,11.10226,,,,,,
506,0.594758658,11.40232,,,,,,
507,0.595931752,10.95223,,,,,,
508,0.597104846,11.02725,,,,,,
509,0.59827794,10.87722,,,,,,
510,0.599451034,11.13977,,,,,,
,,,,,,,,
Transform,,,,,,,,
index,Gamma (s^-1),D (um^2/s),R (nm),Gamma * Weight (s^-1),,,,
0,0.00397,1.50194395091974E-05,14261974.0465497,0,,,,
1,0.00491,1.85756795944985E-05,11531575.7565789,0,,,,
2,0.006075,2.2983147359792E-05,9320170.69379461,0,,,,
3,0.007515,2.84310045117427E-05,7534269.72252858,0,,,,
4,0.009305,3.52029936103481E-05,6084904.56365419,0,,,,
5,0.0115,4.35071925329396E-05,4923481.4752002,0,,,,
6,0.0142,5.37219246928471E-05,3987326.54681706,0,,,,
7,0.0176,6.6584920746064E-05,3217047.55481831,0,,,,
8,0.0218,8.24745041059203E-05,2597249.40205515,0,,,,
9,0.02695,0.000101958159892411,2100929.01539155,0,,,,
10,0.03335,0.000126170858345525,1697752.23282765,0,,,,
11,0.04125,0.000156058407998588,1372606.95672248,0,,,,
12,0.051,0.000192944940798254,1110196.80323142,0,,,,
13,0.0631,0.000238722073811173,897306.449521431,0,,,,
14,0.07805,0.000295281424103994,725432.888722643,0,,,,
15,0.09665,0.000365649578983357,585825.524726356,0,,,,
16,0.1195,0.000452096478929242,473807.840709642,0,,,,
17,0.1475,0.000558027034661616,383864.65738849,0,,,,
18,0.1825,0.000690440229327085,310246.777889328,0,,,,
19,0.226,0.000855010914125595,250531.137012399,0,,,,
20,0.28,0.00105930555732375,202214.417731437,0,,,,
21,0.3465,0.00131089062718814,163405.590086009,0,,,,
22,0.4285,0.00162111582611866,132135.442158232,0,,,,
23,0.53,0.00200511409064852,106830.258424155,0,,,,
24,0.6555,0.00247990997437756,86376.8679859684,0,,,,
25,0.811,0.00306820288210557,69815.0887358844,0,,,,
26,1.0035,0.00379647545276564,56422.5580117611,0,,,,
27,1.24,0.00469121032529088,45661.320132905,0,,,,
28,1.535,0.00580726439461411,36886.0175666464,0,,,,
29,1.9,0.00718814485326828,29800.0194551591,0,,,,
30,2.35,0.00889060021325287,24093.6327509797,0,,,,
31,2.91,0.0110092113279004,19457.0573762207,0,,,,
32,3.6,0.0136196428798767,15727.7880457784,0,,,,
33,4.45,0.016835391893181,12723.6038123151,0,,,,
34,5.505,0.0208267039038115,10285.2019917897,0,,,,
35,6.81,0.0257638244477668,8314.24918719563,0,,,,
36,8.425,0.0318737475730449,6720.47916496169,0,,,,
37,10.41,0.0393834673276436,5439.00451150838,0,,,,
38,12.9,0.0488037203195583,4389.15015231025,0,,,,
39,15.95,0.0603425844261205,3549.84557773055,0,,,,
40,19.7,0.0745297124259922,2874.1135515128,0,,,,
41,24.4,0.0923109128524979,2320.4933182296,0,,,,
42,30.2,0.114253670825633,1874.83566108617,0,,,,
43,37.35,0.141303794878721,1515.93137790635,0,,,,
44,46.2,0.174785416958418,1225.54192564507,0,,,,
45,57.15,0.216211830718043,990.726806033285,0.281867342061674,,,,
46,70.7,0.267474653224246,800.849179134403,2.32799210199054,,,,
47,87.5,0.331032986663671,647.086136740597,9.34023185569175,,,,
48,108.4,0.410102580049622,522.325064250943,25.762686930578,,,,
49,134,0.506953373862079,422.537589289569,56.9640355153706,,,,
50,165.5,0.626125249061,342.115026977657,108.558479827426,,,,
51,205,0.775562997326314,276.195302267328,185.66134036039,,,,
52,253.5,0.95904985279132,223.353203016971,289.381346003734,,,,
53,313.5,1.18604390078927,180.606178516116,414.817042567347,,,,
54,388,1.46789484372005,145.927930321655,548.458688332773,,,,
55,480,1.81595238398356,117.958410343338,663.783091995941,,,,
56,594,2.24724107517966,95.3199275501722,726.130260239604,,,,
57,735,2.78067708797483,77.0340638976902,697.455225445239,,,,
58,911.5,3.44841791250212,62.1174294731786,558.442300183095,,,,
59,1125,4.25613839996148,50.3289217464909,331.965538613986,,,,
60,1390,5.25869544528574,40.7338395430232,105.488531353039,,,,
61,1720,6.50716270927444,32.9186261423269,0,,,,
62,2130,8.05828870392707,26.5821769787804,0,,,,
63,2635,9.96882194124311,21.4876800625436,0,,,,
64,3255,12.3144271038886,17.3947886220591,0,,,,
65,4030,15.2464335571954,14.0496369639708,0,,,,
66,4990,18.8783383251625,11.3467007945496,0,,,,
67,6175,23.3614707731219,9.16923675543357,0,,,,
68,7635,28.8849926077386,7.41585290960082,0,,,,
69,9420,35.6380655356775,6.01061963532933,0,,,,
70,11650,44.0746776529344,4.86008900985427,0,,,,
71,14450,54.6677332261719,3.91834165846382,0,,,,
72,17900,67.7198909860538,3.16313055669286,0,,,,
73,22150,83.7986360525749,2.5562093437834,0,,,,
74,27400,103.660615252395,2.06642470674461,0,,,,
75,33850,128.062475412174,1.67267465184054,0,,,,
76,41850,158.328348478567,1.35292800393793,0,,,,
77,51800,195.971528104893,1.09305090665641,0,,,,
78,64100,242.505307944472,0.883307908967274,0,,,,
79,79300,300.010466770618,0.713997944070647,0,,,,
80,98350,372.081077009966,0.575699409911563,0,,,,
81,121500,459.66294719584,0.466008534689731,2.74861393520059,,,,
82,150000,567.485119994864,0.377466913098682,3.39244466166097,,,,
83,185500,701.789931726982,0.305229309783301,0,,,,
84,229500,868.252233592142,0.246710400718093,0,,,,
85,284000,1074.43849385694,0.199366327340853,0,,,,
86,351500,1329.80679785463,0.161081186244103,0,,,,
87,435000,1645.70684798511,0.130161004516787,0,,,,
88,538000,2035.37996371491,0.105241704395543,0,,,,
89,666000,2519.6339327772,0.0850150705177211,0,,,,
90,824000,3117.38492583845,0.0687136370932066,0,,,,
91,1020500,3860.79043303173,0.0554826427876553,0,,,,
92,1260000,4766.87500795686,0.0449365372736526,0,,,,
93,1560000,5901.84524794659,0.0362948954902579,26.8126827842675,,,,
94,1930000,7301.64187726725,0.0293368067175141,33.184798810062,,,,
95,2385000,9023.01340791834,0.0237400574275901,0,,,,
96,2955000,11179.4568638988,0.0191607570100854,0,,,,
97,3655000,13827.7207572082,0.0154911181846244,0,,,,
98,4520000,17100.2182825119,0.01252655685062,0,,,,
